nproc,serial time,simple parallel,cannons
4,0.000019,0.000263,0.000064
16,0.000019,0.013208,0.013445
64,0.000019,0.007086,0.000639
256,0.000019,0.026700,0.020441
